-- ===========================================
-- Development Data for Frontend Testing
-- ===========================================
-- This file is loaded automatically in dev profile.
-- Password for all users: "password"
-- BCrypt hash: $2a$10$dXJ3SW6G7P50lGmMkkmwe.20cQQubK3.HZWzG3YB1tlRy.fqvM/BG

-- ===========================================
-- 1. ROLES
-- ===========================================
INSERT INTO roles (id, type, description) VALUES
(1, 'ADMIN', 'System administrator with full access'),
(2, 'TEACHER', 'Teacher who can manage groups and sessions'),
(3, 'STUDENT', 'Student who can enroll in groups');

-- ===========================================
-- 2. USERS (1 admin, 1 teacher, 40 students)
-- ===========================================
INSERT INTO users (id, email, password, first_name, last_name, status, degree, created_at, updated_at) VALUES
(1, 'admin@acainfo.com', '$2a$10$dXJ3SW6G7P50lGmMkkmwe.20cQQubK3.HZWzG3YB1tlRy.fqvM/BG', 'Carlos', 'Admin', 'ACTIVE', NULL, CURRENT_TIMESTAMP, CURRENT_TIMESTAMP),
(2, 'profesor@acainfo.com', '$2a$10$dXJ3SW6G7P50lGmMkkmwe.20cQQubK3.HZWzG3YB1tlRy.fqvM/BG', 'María', 'García', 'ACTIVE', NULL, CURRENT_TIMESTAMP, CURRENT_TIMESTAMP),
(3, 'alumno01@mail.com', '$2a$10$dXJ3SW6G7P50lGmMkkmwe.20cQQubK3.HZWzG3YB1tlRy.fqvM/BG', 'Laura', 'Martínez', 'ACTIVE', 'INGENIERIA_INFORMATICA', CURRENT_TIMESTAMP, CURRENT_TIMESTAMP),
(4, 'alumno02@mail.com', '$2a$10$dXJ3SW6G7P50lGmMkkmwe.20cQQubK3.HZWzG3YB1tlRy.fqvM/BG', 'Pedro', 'López', 'ACTIVE', 'INGENIERIA_INFORMATICA', CURRENT_TIMESTAMP, CURRENT_TIMESTAMP),
(5, 'alumno03@mail.com', '$2a$10$dXJ3SW6G7P50lGmMkkmwe.20cQQubK3.HZWzG3YB1tlRy.fqvM/BG', 'Ana', 'Fernández', 'ACTIVE', 'INGENIERIA_INFORMATICA', CURRENT_TIMESTAMP, CURRENT_TIMESTAMP),
(6, 'alumno04@mail.com', '$2a$10$dXJ3SW6G7P50lGmMkkmwe.20cQQubK3.HZWzG3YB1tlRy.fqvM/BG', 'David', 'Sánchez', 'ACTIVE', 'INGENIERIA_INFORMATICA', CURRENT_TIMESTAMP, CURRENT_TIMESTAMP),
(7, 'alumno05@mail.com', '$2a$10$dXJ3SW6G7P50lGmMkkmwe.20cQQubK3.HZWzG3YB1tlRy.fqvM/BG', 'Elena', 'Ruiz', 'ACTIVE', 'INGENIERIA_INFORMATICA', CURRENT_TIMESTAMP, CURRENT_TIMESTAMP),
(8, 'alumno06@mail.com', '$2a$10$dXJ3SW6G7P50lGmMkkmwe.20cQQubK3.HZWzG3YB1tlRy.fqvM/BG', 'Javier', 'Moreno', 'ACTIVE', 'INGENIERIA_INFORMATICA', CURRENT_TIMESTAMP, CURRENT_TIMESTAMP),
(9, 'alumno07@mail.com', '$2a$10$dXJ3SW6G7P50lGmMkkmwe.20cQQubK3.HZWzG3YB1tlRy.fqvM/BG', 'Lucía', 'Jiménez', 'ACTIVE', 'INGENIERIA_INFORMATICA', CURRENT_TIMESTAMP, CURRENT_TIMESTAMP),
(10, 'alumno08@mail.com', '$2a$10$dXJ3SW6G7P50lGmMkkmwe.20cQQubK3.HZWzG3YB1tlRy.fqvM/BG', 'Miguel', 'Álvarez', 'ACTIVE', 'INGENIERIA_INFORMATICA', CURRENT_TIMESTAMP, CURRENT_TIMESTAMP),
(11, 'alumno09@mail.com', '$2a$10$dXJ3SW6G7P50lGmMkkmwe.20cQQubK3.HZWzG3YB1tlRy.fqvM/BG', 'Carmen', 'Romero', 'ACTIVE', 'INGENIERIA_INFORMATICA', CURRENT_TIMESTAMP, CURRENT_TIMESTAMP),
(12, 'alumno10@mail.com', '$2a$10$dXJ3SW6G7P50lGmMkkmwe.20cQQubK3.HZWzG3YB1tlRy.fqvM/BG', 'Alberto', 'Torres', 'ACTIVE', 'INGENIERIA_INFORMATICA', CURRENT_TIMESTAMP, CURRENT_TIMESTAMP),
(13, 'alumno11@mail.com', '$2a$10$dXJ3SW6G7P50lGmMkkmwe.20cQQubK3.HZWzG3YB1tlRy.fqvM/BG', 'Sara', 'Navarro', 'ACTIVE', 'INGENIERIA_INFORMATICA', CURRENT_TIMESTAMP, CURRENT_TIMESTAMP),
(14, 'alumno12@mail.com', '$2a$10$dXJ3SW6G7P50lGmMkkmwe.20cQQubK3.HZWzG3YB1tlRy.fqvM/BG', 'Pablo', 'Domínguez', 'ACTIVE', 'INGENIERIA_INFORMATICA', CURRENT_TIMESTAMP, CURRENT_TIMESTAMP),
(15, 'alumno13@mail.com', '$2a$10$dXJ3SW6G7P50lGmMkkmwe.20cQQubK3.HZWzG3YB1tlRy.fqvM/BG', 'Marta', 'Vázquez', 'ACTIVE', 'INGENIERIA_INFORMATICA', CURRENT_TIMESTAMP, CURRENT_TIMESTAMP),
(16, 'alumno14@mail.com', '$2a$10$dXJ3SW6G7P50lGmMkkmwe.20cQQubK3.HZWzG3YB1tlRy.fqvM/BG', 'Sergio', 'Ramos', 'ACTIVE', 'INGENIERIA_INFORMATICA', CURRENT_TIMESTAMP, CURRENT_TIMESTAMP),
(23, 'alumno21@mail.com', '$2a$10$dXJ3SW6G7P50lGmMkkmwe.20cQQubK3.HZWzG3YB1tlRy.fqvM/BG', 'Irene', 'Herrero', 'ACTIVE', 'INGENIERIA_INDUSTRIAL', CURRENT_TIMESTAMP, CURRENT_TIMESTAMP),
(24, 'alumno22@mail.com', '$2a$10$dXJ3SW6G7P50lGmMkkmwe.20cQQubK3.HZWzG3YB1tlRy.fqvM/BG', 'Álvaro', 'Guerrero', 'ACTIVE', 'INGENIERIA_INDUSTRIAL', CURRENT_TIMESTAMP, CURRENT_TIMESTAMP),
(25, 'alumno23@mail.com', '$2a$10$dXJ3SW6G7P50lGmMkkmwe.20cQQubK3.HZWzG3YB1tlRy.fqvM/BG', 'Natalia', 'Prieto', 'ACTIVE', 'INGENIERIA_INDUSTRIAL', CURRENT_TIMESTAMP, CURRENT_TIMESTAMP),
(26, 'alumno24@mail.com', '$2a$10$dXJ3SW6G7P50lGmMkkmwe.20cQQubK3.HZWzG3YB1tlRy.fqvM/BG', 'Iván', 'Blanco', 'ACTIVE', 'INGENIERIA_INDUSTRIAL', CURRENT_TIMESTAMP, CURRENT_TIMESTAMP),
(27, 'alumno25@mail.com', '$2a$10$dXJ3SW6G7P50lGmMkkmwe.20cQQubK3.HZWzG3YB1tlRy.fqvM/BG', 'Eva', 'Lorenzo', 'ACTIVE', 'INGENIERIA_INDUSTRIAL', CURRENT_TIMESTAMP, CURRENT_TIMESTAMP),
(28, 'alumno26@mail.com', '$2a$10$dXJ3SW6G7P50lGmMkkmwe.20cQQubK3.HZWzG3YB1tlRy.fqvM/BG', 'Marcos', 'Campos', 'ACTIVE', 'INGENIERIA_INDUSTRIAL', CURRENT_TIMESTAMP, CURRENT_TIMESTAMP),
(29, 'alumno27@mail.com', '$2a$10$dXJ3SW6G7P50lGmMkkmwe.20cQQubK3.HZWzG3YB1tlRy.fqvM/BG', 'Andrea', 'Vega', 'ACTIVE', 'INGENIERIA_INDUSTRIAL', CURRENT_TIMESTAMP, CURRENT_TIMESTAMP),
(30, 'alumno28@mail.com', '$2a$10$dXJ3SW6G7P50lGmMkkmwe.20cQQubK3.HZWzG3YB1tlRy.fqvM/BG', 'Hugo', 'Fuentes', 'ACTIVE', 'INGENIERIA_INDUSTRIAL', CURRENT_TIMESTAMP, CURRENT_TIMESTAMP),
(31, 'alumno29@mail.com', '$2a$10$dXJ3SW6G7P50lGmMkkmwe.20cQQubK3.HZWzG3YB1tlRy.fqvM/BG', 'Claudia', 'Carrasco', 'ACTIVE', 'INGENIERIA_INDUSTRIAL', CURRENT_TIMESTAMP, CURRENT_TIMESTAMP),
(32, 'alumno30@mail.com', '$2a$10$dXJ3SW6G7P50lGmMkkmwe.20cQQubK3.HZWzG3YB1tlRy.fqvM/BG', 'Óscar', 'Cortés', 'ACTIVE', 'INGENIERIA_INDUSTRIAL', CURRENT_TIMESTAMP, CURRENT_TIMESTAMP),
(33, 'alumno31@mail.com', '$2a$10$dXJ3SW6G7P50lGmMkkmwe.20cQQubK3.HZWzG3YB1tlRy.fqvM/BG', 'Silvia', 'Reyes', 'ACTIVE', 'INGENIERIA_INDUSTRIAL', CURRENT_TIMESTAMP, CURRENT_TIMESTAMP),
(34, 'alumno32@mail.com', '$2a$10$dXJ3SW6G7P50lGmMkkmwe.20cQQubK3.HZWzG3YB1tlRy.fqvM/BG', 'Daniel', 'León', 'ACTIVE', 'INGENIERIA_INDUSTRIAL', CURRENT_TIMESTAMP, CURRENT_TIMESTAMP),
(35, 'alumno33@mail.com', '$2a$10$dXJ3SW6G7P50lGmMkkmwe.20cQQubK3.HZWzG3YB1tlRy.fqvM/BG', 'Nerea', 'Márquez', 'ACTIVE', 'INGENIERIA_INDUSTRIAL', CURRENT_TIMESTAMP, CURRENT_TIMESTAMP),
(36, 'alumno34@mail.com', '$2a$10$dXJ3SW6G7P50lGmMkkmwe.20cQQubK3.HZWzG3YB1tlRy.fqvM/BG', 'Rubén', 'Peña', 'ACTIVE', 'INGENIERIA_INDUSTRIAL', CURRENT_TIMESTAMP, CURRENT_TIMESTAMP);

-- ===========================================
-- 3. USER ROLES
-- ===========================================
INSERT INTO user_roles (user_id, role_id) VALUES
(1, 1),
(2, 2),
(3, 3), (4, 3), (5, 3), (6, 3), (7, 3), (8, 3), (9, 3), (10, 3),
(11, 3), (12, 3), (13, 3), (14, 3), (15, 3), (16, 3),
(23, 3), (24, 3), (25, 3), (26, 3),
(27, 3), (28, 3), (29, 3), (30, 3), (31, 3), (32, 3), (33, 3), (34, 3),
(35, 3), (36, 3);

-- ===========================================
-- 4. SUBJECTS (2 informatica, 2 industrial)
-- ===========================================
INSERT INTO subjects (id, code, name, degree, status, current_group_count, created_at, updated_at) VALUES
(1, 'INF101', 'Programación I', 'INGENIERIA_INFORMATICA', 'ACTIVE', 1, CURRENT_TIMESTAMP, CURRENT_TIMESTAMP),
(2, 'INF201', 'Bases de Datos', 'INGENIERIA_INFORMATICA', 'ACTIVE', 1, CURRENT_TIMESTAMP, CURRENT_TIMESTAMP),
(3, 'IND101', 'Termodinámica', 'INGENIERIA_INDUSTRIAL', 'ACTIVE', 1, CURRENT_TIMESTAMP, CURRENT_TIMESTAMP),
(4, 'IND201', 'Resistencia de Materiales', 'INGENIERIA_INDUSTRIAL', 'ACTIVE', 1, CURRENT_TIMESTAMP, CURRENT_TIMESTAMP);

-- ===========================================
-- 5. SUBJECT GROUPS (4 grupos regulares — sin tipo, con startDate/endDate)
-- ===========================================
INSERT INTO subject_groups (id, name, subject_id, teacher_id, status, current_enrollment_count, capacity, price_per_hour, start_date, end_date, created_at, updated_at) VALUES
(1, 'Programación I grupo 1 25-26',          1, 2, 'OPEN', 7, 24, 15.00, CURRENT_DATE, DATEADD('MONTH', 4, CURRENT_DATE), CURRENT_TIMESTAMP, CURRENT_TIMESTAMP),
(2, 'Bases de Datos grupo 1 25-26',          2, 2, 'OPEN', 7, 24, 15.00, CURRENT_DATE, DATEADD('MONTH', 4, CURRENT_DATE), CURRENT_TIMESTAMP, CURRENT_TIMESTAMP),
(4, 'Termodinámica grupo 1 25-26',           3, 2, 'OPEN', 7, 24, 15.00, CURRENT_DATE, DATEADD('MONTH', 4, CURRENT_DATE), CURRENT_TIMESTAMP, CURRENT_TIMESTAMP),
(5, 'Resistencia de Materiales grupo 1 25-26', 4, 2, 'OPEN', 7, 24, 15.00, CURRENT_DATE, DATEADD('MONTH', 4, CURRENT_DATE), CURRENT_TIMESTAMP, CURRENT_TIMESTAMP);

-- ===========================================
-- 6. SCHEDULES (2 schedules per group)
-- ===========================================
INSERT INTO schedules (id, group_id, day_of_week, start_time, end_time, classroom, created_at, updated_at) VALUES
(1, 1, 'MONDAY',    '16:00:00', '18:00:00', 'AULA_PORTAL1', CURRENT_TIMESTAMP, CURRENT_TIMESTAMP),
(2, 1, 'WEDNESDAY', '16:00:00', '18:00:00', 'AULA_PORTAL1', CURRENT_TIMESTAMP, CURRENT_TIMESTAMP),
(3, 2, 'TUESDAY',   '16:00:00', '18:00:00', 'AULA_PORTAL1', CURRENT_TIMESTAMP, CURRENT_TIMESTAMP),
(4, 2, 'THURSDAY',  '16:00:00', '18:00:00', 'AULA_PORTAL1', CURRENT_TIMESTAMP, CURRENT_TIMESTAMP),
(6, 4, 'MONDAY',    '18:00:00', '20:00:00', 'AULA_PORTAL2', CURRENT_TIMESTAMP, CURRENT_TIMESTAMP),
(7, 4, 'WEDNESDAY', '18:00:00', '20:00:00', 'AULA_PORTAL2', CURRENT_TIMESTAMP, CURRENT_TIMESTAMP),
(8, 5, 'TUESDAY',   '18:00:00', '20:00:00', 'AULA_PORTAL2', CURRENT_TIMESTAMP, CURRENT_TIMESTAMP),
(9, 5, 'THURSDAY',  '18:00:00', '20:00:00', 'AULA_PORTAL2', CURRENT_TIMESTAMP, CURRENT_TIMESTAMP);

-- ===========================================
-- 7. ENROLLMENTS (28 estudiantes en 4 grupos regulares)
-- ===========================================
INSERT INTO enrollments (id, student_id, group_id, price_per_hour, status, enrolled_at, created_at, updated_at) VALUES
(1, 3, 1, 15.00, 'ACTIVE', CURRENT_TIMESTAMP, CURRENT_TIMESTAMP, CURRENT_TIMESTAMP),
(2, 4, 1, 15.00, 'ACTIVE', CURRENT_TIMESTAMP, CURRENT_TIMESTAMP, CURRENT_TIMESTAMP),
(3, 5, 1, 15.00, 'ACTIVE', CURRENT_TIMESTAMP, CURRENT_TIMESTAMP, CURRENT_TIMESTAMP),
(4, 6, 1, 15.00, 'ACTIVE', CURRENT_TIMESTAMP, CURRENT_TIMESTAMP, CURRENT_TIMESTAMP),
(5, 7, 1, 15.00, 'ACTIVE', CURRENT_TIMESTAMP, CURRENT_TIMESTAMP, CURRENT_TIMESTAMP),
(6, 8, 1, 15.00, 'ACTIVE', CURRENT_TIMESTAMP, CURRENT_TIMESTAMP, CURRENT_TIMESTAMP),
(7, 9, 1, 15.00, 'ACTIVE', CURRENT_TIMESTAMP, CURRENT_TIMESTAMP, CURRENT_TIMESTAMP),
(8, 10, 2, 15.00, 'ACTIVE', CURRENT_TIMESTAMP, CURRENT_TIMESTAMP, CURRENT_TIMESTAMP),
(9, 11, 2, 15.00, 'ACTIVE', CURRENT_TIMESTAMP, CURRENT_TIMESTAMP, CURRENT_TIMESTAMP),
(10, 12, 2, 15.00, 'ACTIVE', CURRENT_TIMESTAMP, CURRENT_TIMESTAMP, CURRENT_TIMESTAMP),
(11, 13, 2, 15.00, 'ACTIVE', CURRENT_TIMESTAMP, CURRENT_TIMESTAMP, CURRENT_TIMESTAMP),
(12, 14, 2, 15.00, 'ACTIVE', CURRENT_TIMESTAMP, CURRENT_TIMESTAMP, CURRENT_TIMESTAMP),
(13, 15, 2, 15.00, 'ACTIVE', CURRENT_TIMESTAMP, CURRENT_TIMESTAMP, CURRENT_TIMESTAMP),
(14, 16, 2, 15.00, 'ACTIVE', CURRENT_TIMESTAMP, CURRENT_TIMESTAMP, CURRENT_TIMESTAMP),
(21, 23, 4, 15.00, 'ACTIVE', CURRENT_TIMESTAMP, CURRENT_TIMESTAMP, CURRENT_TIMESTAMP),
(22, 24, 4, 15.00, 'ACTIVE', CURRENT_TIMESTAMP, CURRENT_TIMESTAMP, CURRENT_TIMESTAMP),
(23, 25, 4, 15.00, 'ACTIVE', CURRENT_TIMESTAMP, CURRENT_TIMESTAMP, CURRENT_TIMESTAMP),
(24, 26, 4, 15.00, 'ACTIVE', CURRENT_TIMESTAMP, CURRENT_TIMESTAMP, CURRENT_TIMESTAMP),
(25, 27, 4, 15.00, 'ACTIVE', CURRENT_TIMESTAMP, CURRENT_TIMESTAMP, CURRENT_TIMESTAMP),
(26, 28, 4, 15.00, 'ACTIVE', CURRENT_TIMESTAMP, CURRENT_TIMESTAMP, CURRENT_TIMESTAMP),
(27, 29, 4, 15.00, 'ACTIVE', CURRENT_TIMESTAMP, CURRENT_TIMESTAMP, CURRENT_TIMESTAMP),
(28, 30, 5, 15.00, 'ACTIVE', CURRENT_TIMESTAMP, CURRENT_TIMESTAMP, CURRENT_TIMESTAMP),
(29, 31, 5, 15.00, 'ACTIVE', CURRENT_TIMESTAMP, CURRENT_TIMESTAMP, CURRENT_TIMESTAMP),
(30, 32, 5, 15.00, 'ACTIVE', CURRENT_TIMESTAMP, CURRENT_TIMESTAMP, CURRENT_TIMESTAMP),
(31, 33, 5, 15.00, 'ACTIVE', CURRENT_TIMESTAMP, CURRENT_TIMESTAMP, CURRENT_TIMESTAMP),
(32, 34, 5, 15.00, 'ACTIVE', CURRENT_TIMESTAMP, CURRENT_TIMESTAMP, CURRENT_TIMESTAMP),
(33, 35, 5, 15.00, 'ACTIVE', CURRENT_TIMESTAMP, CURRENT_TIMESTAMP, CURRENT_TIMESTAMP),
(34, 36, 5, 15.00, 'ACTIVE', CURRENT_TIMESTAMP, CURRENT_TIMESTAMP, CURRENT_TIMESTAMP);

-- ===========================================
-- 8. RESET SEQUENCES (H2 specific)
-- ===========================================
ALTER TABLE roles ALTER COLUMN id RESTART WITH 4;
ALTER TABLE users ALTER COLUMN id RESTART WITH 50;
ALTER TABLE subjects ALTER COLUMN id RESTART WITH 5;
ALTER TABLE subject_groups ALTER COLUMN id RESTART WITH 7;
ALTER TABLE schedules ALTER COLUMN id RESTART WITH 11;
ALTER TABLE enrollments ALTER COLUMN id RESTART WITH 41;
